customer_id,age,home_zone,customer_type,signup_date,loyalty_score,app_engagement_score,preferred_channel,account_status
C0001,26,North,SME,2024-11-27 04:25:00,44.9,69.2,App,Active
C0002,61,AIRPORT,Consumer,2025-10-28 01:04:00,55.4,66.6,App,Active
C0003,66,East,Consumer,2025-07-02 03:23:00,75.9,33.8,,Active
C0004,75,CENTRAL,Consumer,2025-08-19 01:58:00,32.5,33.0,App,Active
C0005,26,Riverside,Consumer,2025-06-03 06:02:00,55.9,100.0,Web,Active
C0006,41,WEST,Consumer,2024-03-29 13:26:00,39.9,43.3,Web,Active
C0007,54,WEST,Consumer,2024-03-12 07:05:00,36.1,39.0,App,Active
C0008,70,north,SME,2025-07-18 13:03:00,84.6,65.2,Web,Active
C0009,34,South,Consumer,2025-08-02 03:14:00,62.6,40.8,App,Active
C0010,23,West,Consumer,2025-10-07 20:37:00,87.2,48.6,Phone,Active
C0011,49,Ctr,Consumer,2024-03-04 18:37:00,79.9,72.5,Web,Active
C0012,60,Airport,Consumer,2025-02-10 01:14:00,46.3,74.4,App,Active
C0013,30,EAST,Enterprise,2024-02-17 17:54:00,31.3,51.7,App,Active
C0014,62,North,Consumer,2024-05-16 09:26:00,94.1,81.0,App,Active
C0015,37,SOUTH,SME,2024-05-27 17:07:00,54.5,52.8,Phone,Active
C0016,21,Riverside,Consumer,2025-08-07 09:35:00,42.7,50.9,Web,Active
C0017,30,South,SME,2025-11-29 05:06:00,72.1,55.4,App,Active
C0018,56,WEST,Consumer,2025-08-18 18:40:00,63.2,49.6,Web,Dormant
C0019,67,Riverside,Consumer,2024-07-11 11:06:00,50.3,65.5,App,Dormant
C0020,67,North,SME,2025-07-14 22:04:00,55.5,60.8,App,Active
C0021,30,CENTRAL,SME,2025-07-31 01:39:00,63.6,40.8,Phone,Active
C0022,71,RiverSide,Consumer,2024-07-29 15:43:00,62.2,58.9,App,Active
C0023,52,South,Consumer,2025-06-28 13:49:00,73.1,45.2,Web,Active
C0024,66,WEST,Consumer,2024-11-17 14:37:00,55.3,44.5,App,Active
C0025,23,Riverside,Consumer,2025-04-09 11:19:00,55.5,52.8,App,Active
C0026,34,NORTH,Enterprise,2024-09-11 05:44:00,70.6,74.8,Phone,Active
C0027,53,WEST,SME,2024-09-06 02:36:00,66.0,60.7,Web,Dormant
C0028,22,Ctr,Consumer,2024-11-03 16:31:00,78.5,79.6,App,Active
C0029,44,CENTRAL,Consumer,2024-12-17 23:28:00,57.0,85.2,App,Active
C0030,63,West,Consumer,2024-10-21 19:04:00,59.4,54.8,App,Active
C0031,35,SOUTH,Consumer,2024-04-30 16:26:00,42.5,44.0,Web,Active
C0032,69,West,Consumer,2024-06-17 10:09:00,85.0,40.5,Phone,Dormant
C0033,58,East,Consumer,2025-05-15 13:02:00,38.7,60.8,App,Active
C0034,39,WEST,Enterprise,2025-11-15 02:48:00,64.2,71.9,App,Active
C0035,22,East,Consumer,2025-07-25 18:50:00,46.7,85.5,App,Active
C0036,36,Airport,Consumer,2024-11-17 10:44:00,66.4,30.7,App,Active
C0037,51,Ctr,SME,2024-12-24 19:31:00,72.9,73.0,Phone,Active
C0038,21,East,Consumer,2025-08-16 14:04:00,34.8,75.8,App,Active
C0039,32,CENTRAL,Consumer,2024-04-05 08:30:00,57.6,100.0,Web,Active
C0040,21,South,Consumer,2025-12-14 21:04:00,32.9,59.1,App,Active
C0041,67,WEST,SME,2024-03-03 23:44:00,83.5,54.9,App,Active
C0042,24,EAST,Consumer,2024-11-13 20:36:00,53.9,26.7,Web,Active
C0043,40,Central,Consumer,2025-11-28 14:18:00,35.8,40.8,Web,Active
C0044,47,EAST,Consumer,2025-01-30 21:22:00,49.8,34.6,App,Active
C0045,73,WEST,SME,2024-01-24 14:22:00,82.0,36.4,App,Active
C0046,72,Ctr,SME,2024-06-21 19:07:00,84.8,38.5,App,Active
C0047,25,East,Consumer,2025-05-20 01:13:00,81.3,26.5,App,Active
C0048,19,RiverSide,SME,2024-10-21 04:47:00,48.5,53.8,App,Active
C0049,31,South,Consumer,2024-09-10 12:25:00,58.6,63.0,Phone,Active
C0050,71,CENTRAL,Consumer,2025-05-23 02:10:00,87.2,70.1,App,Active
C0051,37,East,Consumer,2025-04-04 12:35:00,49.3,53.8,App,Active
C0052,56,EAST,Consumer,2024-10-11 04:52:00,55.6,75.7,App,Active
C0053,22,CENTRAL,Consumer,2025-03-16 17:17:00,45.7,75.9,Phone,Active
C0054,75,WEST,Consumer,2025-12-24 13:22:00,42.4,26.8,Web,Active
C0055,34,East,Enterprise,2025-11-30 12:14:00,80.3,50.5,App,Suspended
C0056,54,NORTH,Consumer,2024-06-03 02:11:00,71.1,32.0,App,Active
C0057,29,north,Consumer,2024-06-03 07:42:00,68.2,37.1,Web,Active
C0058,37,Central,SME,2024-08-26 00:31:00,,59.2,App,Active
C0059,26,WEST,Consumer,2025-08-26 05:16:00,77.3,53.3,Phone,Active
C0060,52,Central,Consumer,2024-10-15 00:09:00,85.2,83.5,App,Active
C0061,78,Riverside,Consumer,2025-03-05 17:23:00,60.9,94.6,Web,Dormant
C0062,33,CENTRAL,Consumer,2025-09-16 18:20:00,55.5,63.7,Web,Active
C0063,78,north,Consumer,2024-05-08 22:54:00,44.6,52.1,Partner API,Active
C0064,58,EAST,Consumer,2025-06-11 19:41:00,78.3,53.0,App,Active
C0065,44,Ctr,Consumer,2025-11-23 23:03:00,52.8,55.6,Web,Active
C0066,21,South,Consumer,2025-04-12 21:51:00,37.1,66.7,App,Dormant
C0067,43,RiverSide,Consumer,2025-07-26 12:25:00,56.7,41.9,Web,Dormant
C0068,46,RiverSide,Consumer,2025-02-12 12:06:00,61.4,66.9,App,Active
C0069,20,Airport,SME,2025-05-08 20:25:00,74.3,51.2,Phone,Dormant
C0070,51,WEST,Consumer,2024-03-04 06:04:00,77.1,75.9,App,Active
C0071,59,AIRPORT,Consumer,2024-08-01 14:10:00,49.3,81.7,Phone,Active
C0072,61,north,SME,2024-04-22 10:38:00,48.2,88.9,App,Active
C0073,48,EAST,Consumer,2024-02-23 03:00:00,55.7,52.9,Phone,Active
C0074,40,West,SME,2025-08-03 04:34:00,41.6,30.2,App,Active
C0075,43,Central,Consumer,2024-04-13 11:39:00,59.2,23.9,App,Active
C0076,70,WEST,Enterprise,2024-01-27 02:55:00,68.4,50.3,App,Active
C0077,59,NORTH,SME,2024-07-31 19:24:00,61.7,29.0,Web,Active
C0078,40,East,Consumer,2024-06-01 20:16:00,35.2,24.6,Phone,Active
C0079,61,East,Consumer,2024-12-21 19:23:00,41.9,49.2,App,Active
C0080,25,EAST,Consumer,2025-04-30 03:07:00,81.6,37.2,App,Active
C0081,42,SOUTH,Consumer,2025-05-14 14:30:00,44.8,69.0,Phone,Active
C0082,49,East,Consumer,2025-05-10 09:05:00,72.8,92.8,Web,Active
C0083,28,West,Consumer,2024-05-27 03:47:00,71.1,51.7,App,Dormant
C0084,33,Airport,Consumer,2024-12-16 23:16:00,55.8,61.9,Web,Active
C0085,76,AIRPORT,Consumer,2025-05-05 22:10:00,45.0,26.0,App,Active
C0086,65,WEST,SME,2025-06-12 00:13:00,64.4,59.5,App,Active
C0087,49,West,Consumer,2025-06-24 11:09:00,46.8,42.7,App,Active
C0088,43,Airport,Enterprise,2025-12-07 17:58:00,58.2,35.2,App,Active
C0089,40,RiverSide,Consumer,2024-01-28 16:19:00,62.7,20.7,App,Active
C0090,54,Central,Consumer,2025-10-20 02:44:00,49.5,86.5,App,Active
C0091,40,AIRPORT,SME,2024-09-24 16:23:00,57.4,25.4,Phone,Active
C0092,49,Riverside,Consumer,2024-06-20 11:49:00,56.1,33.1,Web,Active
C0093,48,North,Consumer,2024-08-16 17:34:00,41.2,56.3,App,Active
C0094,22,Riverside,Consumer,2025-05-29 10:40:00,58.0,61.6,Phone,Active
C0095,23,South,SME,2024-08-16 19:51:00,50.8,61.7,App,Suspended
C0096,73,WEST,Consumer,2024-07-18 07:52:00,31.8,58.2,,Active
C0097,46,Airport,SME,2025-02-14 23:51:00,55.6,39.2,Web,Active
C0098,54,Central,Consumer,2024-08-20 06:33:00,56.5,70.7,App,Dormant
C0099,33,NORTH,Consumer,2025-05-19 11:46:00,51.3,59.8,Phone,Active
C0100,34,Ctr,Consumer,2024-01-30 00:50:00,28.0,28.6,Web,Active
C0101,63,NORTH,Enterprise,2024-10-13 15:16:00,73.4,86.6,App,Active
C0102,39,EAST,Enterprise,2024-07-17 22:38:00,71.9,49.7,App,Active
C0103,20,AIRPORT,Consumer,2024-12-18 14:51:00,71.4,74.2,Web,Active
C0104,39,East,Consumer,2024-12-23 11:05:00,66.2,28.6,App,Active
C0105,47,Central,Enterprise,2024-08-13 03:14:00,40.9,33.6,App,Active
C0106,22,Ctr,Consumer,2025-04-26 06:21:00,63.0,45.3,App,Active
C0107,64,Airport,Consumer,2024-07-28 15:39:00,46.2,43.1,Phone,Dormant
C0108,39,CENTRAL,Consumer,2025-09-16 00:30:00,96.0,75.5,App,Active
C0109,78,North,Consumer,2025-10-30 11:51:00,52.7,25.4,App,Dormant
C0110,63,EAST,Consumer,2025-10-20 02:53:00,,59.4,Phone,Active
C0111,67,WEST,Consumer,2025-11-07 03:58:00,36.2,37.0,App,Active
C0112,25,North,Consumer,2025-02-01 22:48:00,42.1,66.1,App,Active
C0113,38,West,Consumer,2024-07-23 15:56:00,52.4,60.2,Web,Active
C0114,38,CENTRAL,Consumer,2024-07-01 13:50:00,72.2,45.8,App,Active
C0115,38,AIRPORT,Consumer,2025-10-13 10:05:00,69.8,98.5,Web,Active
C0116,64,Riverside,Consumer,2025-02-09 14:25:00,65.6,55.5,Web,Active
C0117,32,north,Consumer,2024-03-27 23:10:00,31.3,77.2,App,Active
C0118,20,SOUTH,Consumer,2024-06-23 04:01:00,79.1,31.1,App,Active
C0119,65,CENTRAL,SME,2024-06-03 18:57:00,46.2,54.0,Web,Dormant
C0120,26,North,Consumer,2025-04-21 20:09:00,86.8,58.0,App,Active
C0121,25,South,Consumer,2025-09-18 19:30:00,90.9,59.0,Phone,Active
C0122,40,CENTRAL,Consumer,2025-11-04 11:09:00,74.2,49.8,Web,Active
C0123,56,SOUTH,SME,2025-07-15 17:08:00,76.8,40.6,App,Active
C0124,31,Airport,Consumer,2024-01-22 00:51:00,40.8,1.0,Web,Active
C0125,31,Airport,Consumer,2025-10-27 03:33:00,99.0,45.6,Web,Active
C0126,42,NORTH,Consumer,2024-05-22 13:55:00,64.5,39.0,App,Active
C0127,32,WEST,SME,2024-07-18 06:01:00,77.0,51.5,Web,Active
C0128,34,Airport,SME,2024-09-14 06:18:00,47.3,72.7,App,Active
C0129,24,Riverside,Consumer,2025-05-28 07:48:00,60.0,98.6,App,Active
C0130,46,South,Consumer,2025-08-23 10:16:00,42.0,66.6,App,Active
C0131,68,South,Consumer,2025-07-11 13:53:00,57.2,75.8,Web,Active
C0132,56,RiverSide,Consumer,2024-05-14 01:58:00,61.2,68.4,App,Active
C0133,74,RiverSide,Consumer,2024-12-28 14:42:00,65.1,70.3,Web,Active
C0134,22,SOUTH,SME,2025-08-20 16:26:00,83.3,67.7,App,Active
C0135,65,WEST,Consumer,2025-05-28 04:34:00,68.7,51.6,App,Active
C0136,64,Ctr,Consumer,2024-06-04 16:32:00,64.9,50.4,,Active
C0137,57,Airport,Consumer,2024-01-20 14:49:00,61.6,62.9,App,Active
C0138,74,SOUTH,Consumer,2024-07-06 19:00:00,93.2,90.8,Web,Active
C0139,60,Central,SME,2024-06-02 05:09:00,51.7,71.5,App,Active
C0140,21,AIRPORT,Consumer,2025-04-29 19:46:00,80.0,87.2,Partner API,Active
C0141,37,West,Consumer,2024-05-03 17:03:00,29.6,32.1,Partner API,Dormant
C0142,29,SOUTH,Consumer,2024-11-29 21:33:00,47.0,61.7,App,Active
C0143,48,NORTH,Consumer,2025-06-27 17:30:00,,64.3,Phone,Active
C0144,54,SOUTH,Consumer,2024-04-18 17:03:00,58.4,66.6,Phone,Active
C0145,34,AIRPORT,Consumer,2024-09-11 06:17:00,99.0,30.6,,Active
C0146,20,North,Consumer,2024-02-13 03:32:00,99.0,21.7,App,Active
C0147,28,north,Enterprise,2025-04-08 17:01:00,36.7,16.4,App,Active
C0148,26,EAST,SME,2024-03-05 14:20:00,43.9,49.2,App,Active
C0149,63,north,Consumer,2025-09-19 16:38:00,58.7,100.0,App,Active
C0150,58,north,Consumer,2025-06-08 06:44:00,88.8,60.9,App,Active
C0151,20,north,Consumer,2024-10-10 14:32:00,79.2,33.8,App,Suspended
C0152,61,West,Consumer,2025-06-30 15:32:00,66.2,63.3,App,Dormant
C0153,49,Ctr,SME,2024-09-10 22:33:00,38.4,51.1,App,Active
C0154,23,EAST,SME,2024-09-22 17:57:00,47.5,60.1,Phone,Active
C0155,24,North,Consumer,2024-07-26 14:08:00,18.1,48.3,App,Active
C0156,26,EAST,SME,2025-03-02 03:25:00,,32.3,Web,Active
C0157,50,CENTRAL,Consumer,2025-03-28 10:04:00,67.9,46.8,App,Active
C0158,57,Riverside,Consumer,2025-11-18 07:27:00,73.7,70.5,Web,Active
C0159,37,Riverside,Consumer,2024-03-15 06:42:00,40.2,62.7,Web,Dormant
C0160,57,SOUTH,Consumer,2024-11-06 03:57:00,62.8,80.2,Phone,Suspended
C0161,42,north,Consumer,2024-06-07 22:41:00,87.1,36.6,App,Active
C0162,61,Airport,Enterprise,2025-11-07 11:09:00,63.7,76.9,Web,Suspended
C0163,55,Riverside,SME,2024-09-16 04:29:00,56.2,58.2,App,Active
C0164,78,West,Consumer,2024-08-12 23:06:00,70.9,60.8,App,Active
C0165,39,AIRPORT,Consumer,2025-02-11 15:10:00,69.5,80.8,App,Active
C0166,66,Airport,Consumer,2025-11-14 07:10:00,62.4,54.7,,Active
C0167,72,Ctr,Consumer,2025-12-24 13:32:00,52.5,62.0,App,Active
C0168,70,RiverSide,Consumer,2025-02-17 10:26:00,54.3,69.4,Web,Active
C0169,77,north,Consumer,2024-07-19 11:20:00,,69.6,App,Dormant
C0170,51,South,SME,2024-04-04 23:23:00,52.3,72.8,Partner API,Active
C0171,47,SOUTH,Consumer,2024-01-20 10:35:00,82.4,81.9,Phone,Active
C0172,28,north,Consumer,2025-04-14 14:45:00,75.4,67.4,,Active
C0173,76,Riverside,Consumer,2024-01-19 12:21:00,78.5,49.1,App,Suspended
C0174,74,north,Consumer,2025-06-13 19:18:00,93.5,100.0,App,Active
C0175,37,CENTRAL,Consumer,2025-06-08 02:07:00,86.4,56.9,App,Active
C0176,43,north,SME,2024-08-22 03:05:00,83.8,64.7,Web,Active
C0177,39,EAST,Consumer,2024-09-28 08:02:00,67.0,43.4,App,Suspended
C0178,45,EAST,Consumer,2024-07-04 08:48:00,58.0,16.1,Phone,Active
C0179,38,SOUTH,Consumer,2024-05-12 13:54:00,97.9,42.8,App,Active
C0180,64,West,Consumer,2025-11-23 08:25:00,50.3,58.9,Phone,Active
C0181,41,West,Consumer,2024-06-01 17:58:00,51.2,67.7,App,Dormant
C0182,21,EAST,Enterprise,2025-06-11 18:31:00,47.2,58.2,App,Dormant
C0183,44,Ctr,SME,2025-12-18 10:05:00,64.5,72.8,App,Active
C0184,59,South,SME,2024-10-12 01:51:00,67.8,76.5,App,Active
C0185,40,SOUTH,Consumer,2025-12-05 05:27:00,77.5,76.4,Phone,Suspended
C0186,56,East,Consumer,2024-03-15 08:01:00,57.5,57.8,Phone,Dormant
C0187,47,EAST,SME,2025-10-11 02:51:00,,59.3,Web,Active
C0188,44,SOUTH,SME,2024-09-23 02:38:00,66.2,53.6,App,Active
C0189,48,RiverSide,Consumer,2024-08-15 02:16:00,76.6,41.1,App,Active
C0190,39,AIRPORT,Consumer,2024-05-04 14:00:00,61.6,84.8,App,Active
C0191,27,North,Consumer,2024-12-13 17:26:00,58.9,34.1,Web,Active
C0192,45,East,Consumer,2024-10-01 19:08:00,70.1,56.4,App,Active
C0193,20,South,Consumer,2024-02-14 16:45:00,84.0,62.1,App,Active
C0194,57,WEST,SME,2024-09-01 03:10:00,60.0,17.1,App,Dormant
C0195,41,SOUTH,Consumer,2024-09-25 01:11:00,38.3,71.9,Web,Active
C0196,72,WEST,Enterprise,2024-07-25 09:40:00,52.0,51.1,Web,Active
C0197,29,RiverSide,Consumer,2024-11-08 16:48:00,58.4,62.0,App,Active
C0198,53,East,SME,2024-07-29 09:28:00,32.2,51.5,App,Active
C0199,64,Central,Consumer,2025-05-27 21:11:00,73.4,28.6,Phone,Active
C0200,36,CENTRAL,Consumer,2024-10-04 11:51:00,48.8,61.5,Phone,Active
C0201,49,Ctr,Consumer,2024-01-19 08:02:00,69.2,59.8,App,Active
C0202,50,NORTH,Consumer,2024-01-16 00:46:00,64.2,76.7,,Dormant
C0203,33,Ctr,Consumer,2025-06-01 17:12:00,,66.8,App,Active
C0204,78,Riverside,Consumer,2025-06-10 15:15:00,87.1,25.8,App,Active
C0205,62,CENTRAL,Consumer,2025-04-02 03:42:00,52.1,78.7,Web,Active
C0206,60,SOUTH,SME,2025-10-27 13:42:00,50.3,72.9,App,Active
C0207,54,Central,Consumer,2025-05-21 17:53:00,65.7,72.4,App,Active
C0208,48,Central,Enterprise,2025-02-06 16:19:00,74.5,67.0,Phone,Dormant
C0209,33,Central,Consumer,2025-12-05 06:14:00,61.0,44.4,App,Dormant
C0210,33,North,Consumer,2024-12-16 06:53:00,45.3,67.9,App,Active
C0211,29,Riverside,Enterprise,2025-12-24 23:40:00,72.1,50.9,Web,Active
C0212,27,RiverSide,Consumer,2024-05-23 12:22:00,70.7,100.0,Web,Dormant
C0213,53,East,Consumer,2024-02-25 04:00:00,94.2,53.3,App,Active
C0214,34,Central,Consumer,2024-03-13 20:47:00,57.5,36.7,App,Active
C0215,67,NORTH,SME,2024-09-18 13:10:00,64.4,51.4,App,Active
C0216,50,RiverSide,Consumer,2024-02-26 02:42:00,51.9,85.2,App,Active
C0217,30,AIRPORT,Consumer,2025-01-25 16:42:00,37.2,47.0,Web,Active
C0218,32,CENTRAL,Consumer,2024-10-15 19:15:00,62.2,11.4,App,Active
C0219,29,Ctr,Consumer,2025-12-10 09:02:00,74.6,85.7,Web,Active
C0220,47,South,SME,2025-04-15 05:10:00,44.8,64.0,Web,Dormant
C0221,53,EAST,Consumer,2024-10-02 14:00:00,50.2,48.4,App,Active
C0222,36,SOUTH,SME,2024-09-26 11:21:00,42.2,71.4,Web,Active
C0223,34,Central,SME,2025-07-14 10:15:00,,40.3,App,Active
C0224,63,NORTH,SME,2024-02-05 09:13:00,50.9,35.5,Web,Active
C0225,39,RiverSide,SME,2024-12-31 05:00:00,70.3,75.9,App,Active
C0226,74,WEST,Consumer,2024-12-09 12:05:00,47.2,48.0,Web,Active
C0227,69,WEST,Consumer,2025-05-01 08:32:00,62.2,67.9,App,Active
C0228,43,north,SME,2025-11-02 06:15:00,51.0,58.1,App,Active
C0229,52,Central,Consumer,2025-05-31 00:05:00,23.4,73.7,Web,Active
C0230,70,AIRPORT,Consumer,2024-09-27 02:09:00,62.2,59.9,Web,Active
C0231,28,Central,SME,2025-02-13 18:02:00,69.4,18.9,App,Active
C0232,45,SOUTH,SME,2025-02-07 00:19:00,27.7,70.8,App,Active
C0233,75,AIRPORT,Consumer,2024-11-07 20:14:00,58.2,48.8,Partner API,Active
C0234,71,North,Consumer,2024-03-27 18:33:00,54.1,74.6,App,Active
C0235,35,AIRPORT,Enterprise,2024-06-07 21:57:00,43.7,60.0,Phone,Active
C0236,25,CENTRAL,SME,2025-09-02 12:48:00,57.0,84.9,App,Active
C0237,40,SOUTH,Consumer,2024-11-29 23:31:00,30.0,51.8,Web,Active
C0238,56,WEST,Consumer,2024-06-02 09:46:00,65.0,18.7,App,Active
C0239,65,CENTRAL,SME,2025-09-25 20:09:00,80.0,51.7,App,Suspended
C0240,78,South,SME,2024-02-14 22:57:00,40.8,67.6,Web,Active
C0241,45,AIRPORT,Consumer,2025-06-09 20:27:00,60.0,51.3,App,Active
C0242,21,East,Consumer,2025-12-18 16:08:00,83.8,48.9,Web,Active
C0243,31,RiverSide,Consumer,2025-06-20 16:36:00,63.0,85.8,Phone,Suspended
C0244,27,AIRPORT,Consumer,2024-01-17 21:37:00,52.7,54.9,Phone,Active
C0245,43,North,Consumer,2025-12-29 21:44:00,46.4,77.8,App,Active
C0246,32,Central,Consumer,2025-10-20 07:05:00,63.8,60.6,Phone,Active
C0247,31,EAST,Consumer,2024-02-01 01:08:00,58.9,30.3,Web,Active
C0248,59,Central,Consumer,2025-10-14 11:06:00,71.1,39.9,App,Active
C0249,26,WEST,Consumer,2025-01-20 14:35:00,36.7,51.8,Phone,Dormant
C0250,58,West,SME,2024-02-21 20:01:00,,63.6,App,Suspended
C0251,56,Riverside,Consumer,2025-10-03 17:43:00,54.5,42.4,App,Active
C0252,38,North,Consumer,2024-09-07 15:16:00,71.3,30.9,App,Active
C0253,48,West,Consumer,2024-01-04 14:51:00,49.4,38.5,App,Active
C0254,57,EAST,Consumer,2024-03-12 23:59:00,40.2,47.8,,Active
C0255,38,NORTH,Consumer,2025-05-30 17:05:00,51.9,40.9,Phone,Active
C0256,58,Ctr,SME,2025-11-06 16:04:00,45.7,46.7,Phone,Active
C0257,34,West,Consumer,2025-04-30 08:51:00,55.0,93.1,App,Active
C0258,50,Riverside,Consumer,2024-03-17 08:15:00,71.4,63.1,Partner API,Active
C0259,43,Central,Consumer,2024-07-29 07:47:00,78.3,42.2,App,Dormant
C0260,21,East,Consumer,2025-10-27 14:31:00,64.3,57.5,App,Active
C0261,39,RiverSide,Consumer,2025-01-26 02:30:00,52.4,87.7,Web,Active
C0262,23,NORTH,Consumer,2025-12-01 09:49:00,53.8,70.0,App,Active
C0263,73,North,Consumer,2024-02-17 19:40:00,,55.8,App,Active
C0264,51,Central,Consumer,2025-10-20 06:04:00,79.2,32.0,App,Active
C0265,26,EAST,Consumer,2025-09-06 04:21:00,55.8,25.4,App,Active
C0266,47,East,Consumer,2024-09-17 20:47:00,59.0,51.2,App,Active
C0267,31,Riverside,Consumer,2025-12-10 09:39:00,49.0,55.7,Web,Active
C0268,65,EAST,Enterprise,2025-08-04 04:00:00,64.3,26.8,App,Active
C0269,74,Riverside,Enterprise,2025-05-08 01:31:00,76.3,32.3,App,Active
C0270,64,CENTRAL,SME,2024-10-02 21:06:00,14.5,56.9,Phone,Suspended
C0271,66,East,Consumer,2025-12-09 06:43:00,65.1,15.5,Web,Active
C0272,57,north,Consumer,2025-05-16 09:45:00,52.2,24.9,App,Active
C0273,61,South,Consumer,2025-06-12 09:29:00,23.8,56.7,App,Active
C0274,66,RiverSide,SME,2025-04-22 14:49:00,66.0,68.3,Phone,Active
C0275,56,East,Consumer,2024-05-01 17:12:00,59.6,63.7,App,Active
C0276,47,South,Consumer,2024-11-15 02:59:00,66.9,76.6,App,Active
C0277,51,SOUTH,Consumer,2025-04-29 00:18:00,39.1,87.6,App,Dormant
C0278,30,RiverSide,SME,2025-04-14 02:52:00,95.2,74.7,,Suspended
C0279,75,South,Consumer,2025-06-02 14:17:00,62.8,52.6,Web,Active
C0280,58,Airport,SME,2025-01-31 06:58:00,55.5,98.2,Phone,Active
C0281,74,NORTH,Consumer,2024-08-03 02:37:00,85.4,89.7,Phone,Active
C0282,29,RiverSide,Consumer,2024-04-02 04:47:00,71.4,75.6,Web,Active
C0283,19,West,SME,2025-06-20 08:23:00,74.3,42.3,App,Active
C0284,39,NORTH,Consumer,2024-05-15 19:52:00,79.6,65.4,App,Active
C0285,45,RiverSide,Consumer,2025-10-08 16:17:00,27.9,18.0,Phone,Active
C0286,59,East,Consumer,2024-04-25 22:23:00,87.7,51.5,Web,Active
C0287,46,Ctr,Consumer,2024-08-24 15:57:00,55.4,10.5,Web,Active
C0288,51,WEST,Consumer,2025-05-12 12:01:00,65.6,49.8,Phone,Active
C0289,19,North,SME,2024-06-11 00:31:00,75.8,77.3,App,Active
C0290,30,NORTH,Consumer,2025-11-28 14:25:00,49.6,58.2,Phone,Dormant
C0291,43,North,Enterprise,2024-11-05 23:09:00,66.1,88.6,Web,Active
C0292,24,South,Consumer,2025-03-02 11:24:00,73.2,57.9,App,Active
C0293,65,North,Consumer,2024-11-19 03:53:00,60.3,59.8,Web,Active
C0294,53,NORTH,Consumer,2024-12-05 00:20:00,68.9,52.2,App,Active
C0295,77,RiverSide,Consumer,2024-12-12 12:07:00,35.3,68.0,App,Active
C0296,28,north,Enterprise,2024-07-19 22:00:00,41.9,57.3,Phone,Active
C0297,72,WEST,Consumer,2024-10-23 08:23:00,42.6,80.8,Partner API,Active
C0298,63,north,Consumer,2024-03-07 12:24:00,66.9,88.6,App,Dormant
C0299,43,SOUTH,Consumer,2025-08-26 02:23:00,99.0,65.1,App,Active
C0300,37,CENTRAL,Consumer,2025-03-14 08:54:00,65.2,36.6,App,Active
C0301,40,RiverSide,SME,2024-02-19 08:06:00,58.6,68.6,Phone,Dormant
C0302,35,WEST,Consumer,2024-02-22 21:18:00,60.0,83.8,App,Active
C0303,66,NORTH,Consumer,2025-10-12 04:15:00,76.7,70.4,Web,Active
C0304,56,Riverside,Consumer,2024-09-29 13:32:00,72.4,63.6,Phone,Active
C0305,72,North,Consumer,2024-11-19 06:49:00,42.7,75.9,App,Active
C0306,47,EAST,SME,2025-01-17 13:56:00,77.3,83.1,Phone,Active
C0307,77,West,Consumer,2024-01-30 20:25:00,60.6,8.4,App,Active
C0308,50,Riverside,Consumer,2025-07-21 17:13:00,74.1,87.0,Web,Active
C0309,78,Airport,SME,2024-03-23 01:59:00,29.0,72.8,App,Active
C0310,24,Ctr,SME,2025-02-24 14:39:00,36.1,67.3,App,Active
C0311,75,EAST,Consumer,2024-05-21 20:55:00,70.5,47.5,Web,Active
C0312,78,Airport,Enterprise,2024-10-20 15:03:00,32.2,62.4,App,Active
C0313,34,AIRPORT,Consumer,2025-07-17 04:10:00,67.2,69.7,Phone,Active
C0314,74,RiverSide,SME,2025-04-28 13:21:00,66.4,29.9,Phone,Active
C0315,31,Central,SME,2024-10-15 09:16:00,63.3,72.3,App,Active
C0316,32,North,Consumer,2025-10-30 08:25:00,66.7,59.5,App,Active
C0317,19,South,Consumer,2025-11-02 07:19:00,65.2,86.0,App,Dormant
C0318,48,WEST,Consumer,2025-05-09 17:42:00,68.2,71.0,App,Dormant
C0319,35,West,SME,2025-02-07 03:10:00,54.5,54.8,Web,Dormant
C0320,52,AIRPORT,Consumer,2025-10-20 05:04:00,60.6,59.2,App,Active
C0321,51,South,Consumer,2024-07-31 16:57:00,99.0,70.3,Partner API,Active
C0322,77,Ctr,Consumer,2025-05-24 17:14:00,79.2,60.9,App,Active
C0323,69,EAST,Consumer,2025-04-08 10:48:00,70.8,68.6,App,Active
C0324,18,AIRPORT,SME,2025-04-05 13:08:00,67.3,44.6,App,Active
C0325,37,SOUTH,Consumer,2025-07-14 06:15:00,49.4,34.4,App,Active
C0326,60,West,Consumer,2024-04-02 05:21:00,64.6,47.3,,Active
C0327,46,NORTH,Consumer,2025-07-23 02:20:00,57.0,31.0,App,Suspended
C0328,23,SOUTH,Consumer,2024-09-01 11:16:00,76.1,43.4,Phone,Suspended
C0329,38,RiverSide,Consumer,2025-08-06 06:56:00,46.4,64.9,Phone,Active
C0330,37,EAST,SME,2024-01-21 23:55:00,23.2,27.1,App,Active
C0331,58,RiverSide,Consumer,2025-02-26 12:26:00,52.0,34.8,App,Active
C0332,19,West,Consumer,2025-06-20 06:24:00,72.1,72.1,Phone,Active
C0333,76,NORTH,Consumer,2024-10-03 10:48:00,99.0,48.1,Phone,Active
C0334,63,AIRPORT,Consumer,2024-03-04 15:17:00,,57.9,App,Dormant
C0335,33,NORTH,SME,2025-08-11 11:08:00,45.3,34.6,App,Active
C0336,33,AIRPORT,Consumer,2025-12-04 16:33:00,,38.3,Phone,Dormant
C0337,71,NORTH,Consumer,2025-10-06 06:05:00,45.8,52.4,Web,Active
C0338,35,CENTRAL,Consumer,2024-10-04 07:24:00,58.0,89.2,App,Dormant
C0339,27,SOUTH,Consumer,2025-02-13 20:28:00,46.6,66.6,App,Active
C0340,43,EAST,Consumer,2025-03-18 09:54:00,34.7,26.3,App,Active
C0341,51,Riverside,Consumer,2024-01-23 04:02:00,68.1,66.7,Phone,Dormant
C0342,20,WEST,Consumer,2025-03-11 22:48:00,64.1,75.7,App,Active
C0343,75,Central,Consumer,2025-04-29 18:31:00,58.3,71.3,Web,Active
C0344,56,CENTRAL,Consumer,2024-01-01 02:25:00,66.5,34.9,App,Active
C0345,18,North,Consumer,2025-06-24 14:28:00,93.5,56.9,Web,Active
C0346,46,AIRPORT,Consumer,2024-09-11 03:14:00,62.9,98.5,App,Dormant
C0347,18,RiverSide,Enterprise,2024-06-07 04:33:00,54.9,40.4,Web,Dormant
C0348,26,North,Consumer,2025-11-29 03:52:00,74.9,64.5,App,Active
C0349,24,West,Enterprise,2025-12-18 20:54:00,34.7,43.9,Phone,Active
C0350,46,South,Consumer,2025-04-13 02:35:00,73.1,34.0,Partner API,Active
C0351,66,CENTRAL,Enterprise,2024-02-10 00:50:00,48.6,49.9,App,Active
C0352,46,north,Consumer,2024-05-08 07:36:00,47.9,77.7,App,Active
C0353,50,WEST,Consumer,2024-02-08 20:45:00,62.8,80.2,Phone,Dormant
C0354,35,Airport,Consumer,2024-11-07 04:40:00,87.8,41.4,App,Active
C0355,39,CENTRAL,Consumer,2024-09-14 16:40:00,49.1,49.2,App,Active
C0356,51,NORTH,Consumer,2025-03-23 22:48:00,76.2,41.3,Web,Active
C0357,25,Airport,Consumer,2024-04-24 03:04:00,67.0,18.7,App,Active
C0358,22,South,Consumer,2024-11-03 16:37:00,38.7,69.7,Web,Active
C0359,23,Airport,Consumer,2024-07-15 12:16:00,75.7,87.8,App,Active
C0360,78,West,Consumer,2024-08-16 19:00:00,47.8,86.7,Phone,Active
C0361,65,SOUTH,Consumer,2024-01-11 17:19:00,,49.3,Web,Active
C0362,55,Ctr,Consumer,2025-04-16 08:20:00,48.3,83.4,App,Active
C0363,48,Airport,SME,2025-10-22 07:30:00,49.4,78.9,Web,Active
C0364,67,Ctr,Consumer,2025-06-22 07:35:00,70.5,51.8,Partner API,Active
C0365,47,RiverSide,Consumer,2024-09-09 00:26:00,49.3,58.1,App,Suspended
C0366,70,South,Consumer,2025-12-22 20:19:00,,51.2,Phone,Dormant
C0367,51,South,SME,2024-02-26 00:12:00,64.5,62.8,Phone,Active
C0368,23,North,Consumer,2025-05-25 21:41:00,49.5,92.7,Phone,Active
C0369,42,West,Consumer,2025-03-06 02:16:00,47.6,40.7,App,Active
C0370,18,EAST,Enterprise,2024-08-21 21:27:00,64.6,35.6,App,Active
C0371,57,East,Consumer,2025-01-14 07:31:00,28.5,74.9,App,Active
C0372,34,West,Consumer,2024-02-04 22:21:00,26.2,59.4,Phone,Active
C0373,34,South,Consumer,2025-03-06 11:43:00,46.8,22.4,App,Active
C0374,74,North,SME,2025-02-09 06:00:00,71.1,39.1,App,Active
C0375,30,WEST,Consumer,2024-10-26 23:54:00,63.9,42.6,App,Active
C0376,40,South,SME,2025-05-31 02:13:00,61.3,46.8,Phone,Active
C0377,21,West,Consumer,2025-05-22 06:19:00,57.6,64.5,Phone,Active
C0378,38,RiverSide,Consumer,2024-07-17 07:29:00,26.2,77.3,App,Active
C0379,22,South,Consumer,2024-08-14 08:48:00,55.8,55.3,Web,Active
C0380,24,CENTRAL,SME,2024-10-29 03:39:00,32.6,61.2,Web,Active
C0381,55,Ctr,Consumer,2025-05-22 19:11:00,74.4,44.3,App,Active
C0382,32,SOUTH,Consumer,2024-08-16 15:26:00,60.9,77.8,App,Active
C0383,70,WEST,Consumer,2025-11-12 01:38:00,59.6,84.0,App,Active
C0384,24,Riverside,Consumer,2024-05-29 12:03:00,67.4,53.4,Web,Active
C0385,25,EAST,Consumer,2024-08-06 00:38:00,66.2,44.4,App,Dormant
C0386,24,Central,Consumer,2024-05-25 13:03:00,64.7,97.8,App,Active
C0387,65,AIRPORT,Consumer,2025-12-27 01:11:00,66.6,76.1,App,Active
C0388,55,East,Consumer,2025-02-06 14:57:00,51.6,41.5,App,Active
C0389,70,RiverSide,Consumer,2025-12-30 10:46:00,39.6,26.3,App,Active
C0390,51,Ctr,Consumer,2024-04-25 02:59:00,66.5,52.9,App,Active
C0391,64,West,Consumer,2024-06-18 10:12:00,84.1,81.3,App,Active
C0392,29,CENTRAL,Consumer,2024-07-08 20:59:00,77.2,48.2,Web,Active
C0393,42,East,Consumer,2025-06-21 23:29:00,57.6,53.8,App,Active
C0394,66,Central,Consumer,2024-02-02 09:42:00,70.8,49.2,Web,Active
C0395,76,SOUTH,SME,2025-01-22 11:21:00,54.0,70.9,App,Active
C0396,76,RiverSide,Consumer,2025-03-29 05:06:00,67.2,85.0,App,Active
C0397,33,WEST,Consumer,2024-01-03 02:17:00,51.3,34.6,Web,Suspended
C0398,63,South,SME,2024-03-23 11:26:00,63.2,53.1,App,Active
C0399,61,East,SME,2024-05-06 17:48:00,93.0,54.8,Phone,Active
C0400,33,RiverSide,Consumer,2024-07-31 12:22:00,73.4,46.7,Partner API,Active
C0401,33,Airport,Consumer,2024-11-12 13:05:00,85.0,35.8,App,Active
C0402,71,WEST,Consumer,2024-02-20 22:30:00,48.6,74.2,App,Active
C0403,19,EAST,Consumer,2024-07-19 11:34:00,50.0,61.5,Web,Active
C0404,25,East,Consumer,2025-04-02 06:20:00,,72.3,App,Active
C0405,51,Riverside,Consumer,2025-01-07 23:57:00,69.9,87.4,App,Active
C0406,75,north,Consumer,2025-04-30 00:40:00,57.7,51.7,App,Active
C0407,47,RiverSide,Consumer,2025-02-24 07:51:00,77.2,68.9,App,Active
C0408,44,Airport,Consumer,2025-10-02 12:02:00,52.2,51.0,Web,Active
C0409,45,South,Consumer,2025-01-19 01:29:00,82.8,56.9,Web,Dormant
C0410,65,East,SME,2024-03-05 01:16:00,76.5,65.0,App,Active
C0411,64,WEST,Consumer,2024-07-18 23:04:00,43.1,55.5,Partner API,Active
C0412,70,Airport,Consumer,2025-09-12 10:23:00,70.3,29.9,App,Active
C0413,32,Riverside,Consumer,2024-10-05 10:39:00,57.4,87.3,App,Active
C0414,21,Riverside,SME,2024-02-14 08:47:00,77.3,61.5,Web,Active
C0415,45,South,Consumer,2025-12-07 10:59:00,52.4,36.9,App,Active
C0416,34,South,Consumer,2024-10-09 09:00:00,66.0,16.7,Web,Active
C0417,72,West,Consumer,2025-09-01 20:04:00,69.7,58.2,App,Dormant
C0418,77,West,Consumer,2024-01-25 07:06:00,16.9,71.1,Web,Active
C0419,58,CENTRAL,Consumer,2025-05-01 22:29:00,30.9,77.9,App,Active
C0420,30,North,Enterprise,2025-01-30 08:58:00,63.0,79.9,App,Active
C0421,34,CENTRAL,Consumer,2025-03-16 15:08:00,59.0,51.4,App,Active
C0422,71,Riverside,Consumer,2025-05-23 05:00:00,77.3,70.9,Web,Active
C0423,25,RiverSide,Consumer,2024-11-06 22:49:00,64.6,29.3,App,Active
C0424,66,Riverside,SME,2024-06-03 19:15:00,40.7,61.6,Partner API,Active
C0425,55,Riverside,Consumer,2024-12-01 10:29:00,66.3,76.1,App,Dormant
C0426,25,RiverSide,SME,2025-01-05 19:05:00,49.0,47.1,App,Dormant
C0427,66,north,SME,2025-06-08 06:25:00,57.3,55.6,App,Active
C0428,66,Riverside,SME,2024-06-12 07:26:00,52.9,60.7,App,Active
C0429,31,South,Consumer,2024-03-07 20:02:00,66.6,61.3,App,Dormant
C0430,29,EAST,Consumer,2025-05-08 17:34:00,38.3,87.0,Web,Active
C0431,76,WEST,SME,2024-11-29 05:27:00,43.1,38.1,Web,Dormant
C0432,36,RiverSide,SME,2024-04-17 02:16:00,25.4,84.2,Web,Active
C0433,27,Ctr,Enterprise,2025-10-01 02:13:00,95.3,34.9,Phone,Active
C0434,62,EAST,Consumer,2024-04-08 13:31:00,45.0,46.0,Web,Active
C0435,27,East,Consumer,2025-12-27 14:11:00,47.2,43.9,App,Active
C0436,20,Riverside,SME,2024-08-27 04:26:00,42.5,57.0,App,Active
C0437,51,Airport,Consumer,2025-04-16 19:57:00,50.7,49.3,App,Active
C0438,22,North,Consumer,2025-11-21 07:47:00,54.0,67.9,App,Active
C0439,20,South,Consumer,2025-07-05 21:48:00,70.8,58.9,App,Active
C0440,48,East,Consumer,2024-05-04 09:18:00,63.8,100.0,App,Active
C0441,42,SOUTH,Consumer,2024-10-13 18:17:00,66.3,66.0,Phone,Active
C0442,23,WEST,Consumer,2025-01-16 08:47:00,51.5,53.9,App,Active
C0443,20,SOUTH,Consumer,2024-09-23 06:28:00,59.8,65.8,,Active
C0444,67,Ctr,Consumer,2024-09-10 05:15:00,80.5,70.1,Web,Active
C0445,26,Riverside,SME,2024-08-29 04:18:00,60.6,55.1,App,Active
C0446,20,AIRPORT,SME,2025-08-15 06:20:00,65.9,37.5,Partner API,Dormant
C0447,42,north,Consumer,2024-03-07 12:16:00,28.5,43.4,App,Active
C0448,42,South,Consumer,2024-09-08 16:33:00,69.3,62.1,App,Active
C0449,67,EAST,Enterprise,2024-08-24 20:51:00,65.1,74.6,App,Active
C0450,64,CENTRAL,Consumer,2024-04-12 20:29:00,81.6,67.9,,Active
C0451,56,EAST,Consumer,2024-02-07 03:00:00,17.0,57.1,Web,Active
C0452,70,SOUTH,Consumer,2025-05-01 07:53:00,61.4,69.4,App,Active
C0453,76,East,Consumer,2025-04-04 11:02:00,58.9,49.3,Phone,Dormant
C0454,28,South,Consumer,2024-10-27 07:07:00,62.2,63.6,App,Active
C0455,43,Airport,Consumer,2024-02-21 06:38:00,50.8,85.7,Phone,Active
C0456,25,CENTRAL,SME,2025-08-20 06:59:00,64.2,79.9,Phone,Active
C0457,41,East,Consumer,2024-03-17 11:32:00,72.0,84.5,App,Active
C0458,37,Ctr,Enterprise,2024-07-01 14:38:00,61.5,51.7,App,Active
C0459,20,WEST,Consumer,2024-09-23 21:00:00,56.1,62.6,App,Dormant
C0460,27,WEST,Consumer,2024-04-18 20:38:00,57.3,39.5,Web,Active
C0461,55,EAST,Consumer,2025-12-27 19:22:00,54.5,76.2,App,Active
C0462,61,WEST,Enterprise,2024-08-10 01:23:00,61.4,50.6,Partner API,Active
C0463,39,RiverSide,Consumer,2024-12-14 04:02:00,49.2,33.6,App,Dormant
C0464,71,AIRPORT,Enterprise,2024-07-27 08:02:00,28.8,49.2,Phone,Dormant
C0465,65,AIRPORT,Consumer,2025-09-05 23:41:00,82.4,63.5,App,Active
C0466,26,NORTH,Consumer,2024-07-27 00:52:00,32.5,16.7,App,Active
C0467,49,West,Enterprise,2024-12-01 13:43:00,58.7,31.7,Web,Active
C0468,45,EAST,Consumer,2025-01-15 05:39:00,39.7,77.4,Web,Dormant
C0469,20,north,Consumer,2024-11-15 02:13:00,,60.5,App,Active
C0470,39,East,SME,2024-02-02 15:35:00,45.1,57.8,App,Active
C0471,42,North,Consumer,2025-05-10 02:26:00,59.9,28.0,App,Dormant
C0472,21,SOUTH,SME,2024-04-13 12:42:00,47.1,88.8,App,Dormant
C0473,72,AIRPORT,Consumer,2025-07-17 04:40:00,39.8,78.2,Web,Active
C0474,40,Central,Consumer,2025-06-30 02:41:00,65.5,72.0,App,Active
C0475,47,CENTRAL,Consumer,2024-06-16 12:44:00,81.9,37.5,App,Active
C0476,59,NORTH,Consumer,2024-10-04 13:18:00,66.0,69.6,App,Active
C0477,53,SOUTH,SME,2025-11-14 09:26:00,62.2,80.4,Partner API,Active
C0478,43,north,Consumer,2024-02-22 09:47:00,43.6,52.4,App,Active
C0479,48,North,Enterprise,2025-08-03 11:26:00,59.1,53.9,App,Active
C0480,26,NORTH,Enterprise,2025-03-02 00:55:00,67.6,49.6,App,Dormant
C0481,40,RiverSide,Consumer,2025-01-07 20:12:00,50.0,70.0,,Active
C0482,73,Riverside,Enterprise,2025-02-04 23:25:00,74.8,54.1,Web,Active
C0483,24,SOUTH,Enterprise,2024-07-27 00:27:00,59.7,52.6,App,Active
C0484,23,SOUTH,Consumer,2024-06-09 13:07:00,66.0,31.0,Web,Active
C0485,41,RiverSide,SME,2024-04-02 12:36:00,52.4,27.0,App,Active
C0486,50,WEST,Enterprise,2025-01-08 14:49:00,52.5,76.4,App,Active
C0487,61,East,SME,2024-06-15 04:00:00,63.9,88.5,Web,Active
C0488,63,West,Consumer,2024-02-22 17:09:00,66.5,75.0,Web,Active
C0489,49,SOUTH,Consumer,2025-10-18 12:05:00,65.9,85.5,App,Active
C0490,78,Central,Consumer,2025-08-09 19:59:00,44.0,48.3,Web,Active
C0491,60,Ctr,Consumer,2025-01-14 23:32:00,48.6,57.6,Web,Active
C0492,22,West,Consumer,2024-06-24 04:22:00,60.0,65.6,Phone,Active
C0493,76,AIRPORT,Consumer,2024-10-17 05:33:00,30.6,55.4,Web,Active
C0494,34,north,Consumer,2024-06-24 02:06:00,77.0,90.3,Phone,Active
C0495,20,Ctr,Consumer,2025-01-27 15:48:00,65.3,33.3,App,Dormant
C0496,23,RiverSide,Consumer,2024-07-21 09:08:00,60.9,47.6,App,Active
C0497,65,NORTH,Consumer,2024-02-14 15:20:00,48.8,51.9,App,Active
C0498,73,West,Enterprise,2024-02-24 19:59:00,73.4,45.1,App,Active
C0499,40,Ctr,Consumer,2025-10-13 12:05:00,55.9,74.5,App,Active
C0500,47,EAST,Consumer,2025-12-30 19:44:00,90.6,20.6,App,Active
C0501,42,RiverSide,SME,2024-06-13 20:50:00,66.5,80.1,App,Active
C0502,38,West,SME,2024-08-15 19:25:00,36.3,75.7,App,Active
C0503,38,West,Consumer,2025-09-21 06:53:00,71.8,64.5,App,Active
C0504,66,RiverSide,Consumer,2025-04-29 05:36:00,51.7,85.1,App,Active
C0505,36,north,Consumer,2024-08-11 01:25:00,51.9,100.0,Phone,Active
C0506,19,Airport,Enterprise,2025-06-14 05:24:00,56.3,62.0,App,Active
C0507,32,north,Consumer,2025-01-02 03:09:00,58.1,72.4,App,Active
C0508,76,EAST,Consumer,2024-09-09 23:52:00,64.2,66.0,App,Active
C0509,77,WEST,Consumer,2024-07-16 01:56:00,,68.5,Web,Dormant
C0510,42,West,Consumer,2025-07-29 21:02:00,67.4,49.0,App,Active
C0511,23,NORTH,Consumer,2025-11-14 10:07:00,48.5,45.0,App,Active
C0512,59,East,Consumer,2025-02-03 19:29:00,38.5,70.2,Web,Active
C0513,50,EAST,Consumer,2025-07-17 20:49:00,47.2,48.8,App,Active
C0514,22,RiverSide,Consumer,2024-11-09 20:26:00,65.9,76.4,App,Active
C0515,38,Riverside,Consumer,2024-11-11 18:15:00,74.0,73.9,Phone,Active
C0516,49,Ctr,Consumer,2025-03-11 12:42:00,88.9,50.3,Web,Active
C0517,66,RiverSide,Consumer,2025-01-11 14:32:00,38.5,65.7,App,Active
C0518,62,Airport,Consumer,2025-03-24 05:01:00,61.4,60.3,App,Active
C0519,64,East,Enterprise,2024-01-04 19:31:00,56.4,56.2,Phone,Active
C0520,50,NORTH,Consumer,2025-04-21 07:28:00,53.6,80.4,Partner API,Active
C0521,47,Ctr,Consumer,2025-09-25 14:53:00,62.3,59.6,Phone,Active
C0522,28,EAST,Consumer,2024-07-02 15:25:00,56.1,63.3,App,Suspended
C0523,77,north,Consumer,2024-04-19 02:08:00,55.8,22.0,Web,Active
C0524,67,RiverSide,Consumer,2025-01-02 13:23:00,49.7,70.2,Phone,Active
C0525,68,RiverSide,Consumer,2024-04-03 14:32:00,66.4,31.6,App,Active
C0526,70,West,Consumer,2025-06-06 21:02:00,76.9,51.6,Partner API,Active
C0527,73,Central,Consumer,2024-02-11 20:08:00,86.2,89.5,Web,Active
C0528,45,Central,Consumer,2024-03-25 23:20:00,51.6,92.8,App,Active
C0529,41,Riverside,SME,2025-06-07 02:03:00,43.2,51.5,App,Active
C0530,28,West,SME,2025-05-31 12:41:00,55.9,35.1,Partner API,Active
C0531,74,Central,SME,2024-05-19 00:54:00,46.7,66.5,Partner API,Dormant
C0532,73,SOUTH,Consumer,2024-03-08 19:46:00,76.5,51.4,Phone,Active
C0533,35,SOUTH,Consumer,2025-12-10 03:12:00,46.9,65.4,App,Active
C0534,58,WEST,Consumer,2024-05-14 15:18:00,61.2,33.4,App,Active
C0535,39,SOUTH,Consumer,2024-06-18 21:50:00,38.6,80.2,Web,Active
C0536,56,north,Consumer,2024-08-14 02:53:00,54.5,88.4,App,Active
C0537,26,East,Consumer,2024-12-25 19:48:00,63.1,31.5,Phone,Dormant
C0538,28,Central,Enterprise,2024-09-15 05:20:00,84.5,44.3,App,Dormant
C0539,21,South,Consumer,2025-09-20 08:57:00,49.0,45.8,Web,Dormant
C0540,75,AIRPORT,Consumer,2025-04-12 04:16:00,66.0,72.9,Web,Active
C0541,48,CENTRAL,Consumer,2025-05-29 15:13:00,26.8,21.6,App,Active
C0542,73,Central,Consumer,2025-08-29 08:39:00,40.7,62.9,Phone,Active
C0543,20,RiverSide,Consumer,2025-06-02 07:20:00,47.0,54.7,App,Dormant
C0544,72,north,Consumer,2025-01-16 01:12:00,52.1,44.0,App,Active
C0545,18,SOUTH,Consumer,2024-07-05 12:10:00,66.9,72.4,App,Active
C0546,67,Riverside,Consumer,2025-10-13 08:43:00,70.1,22.0,Web,Active
C0547,55,Riverside,SME,2024-12-01 12:10:00,34.3,33.0,Web,Active
C0548,56,NORTH,Enterprise,2024-09-27 03:49:00,68.5,44.1,App,Active
C0549,54,Airport,Consumer,2025-06-27 01:40:00,42.2,72.5,App,Active
C0550,39,NORTH,Consumer,2025-01-03 14:35:00,89.4,52.4,App,Active
C0551,51,NORTH,SME,2025-06-17 18:44:00,65.0,43.3,App,Active
C0552,41,north,Consumer,2024-04-17 08:34:00,62.4,68.2,App,Active
C0553,23,South,Consumer,2025-10-06 12:47:00,57.2,49.9,App,Active
C0554,37,East,Consumer,2025-01-15 08:24:00,59.5,46.8,App,Active
C0555,58,Riverside,Consumer,2025-01-12 18:09:00,60.0,53.3,Partner API,Active
C0556,20,East,Consumer,2025-01-03 10:48:00,48.9,65.5,Web,Dormant
C0557,44,north,SME,2024-03-24 14:14:00,71.9,100.0,App,Active
C0558,23,SOUTH,Consumer,2024-06-29 19:47:00,64.3,38.5,Phone,Active
C0559,72,north,Consumer,2024-02-19 09:52:00,72.0,64.4,Partner API,Active
C0560,29,north,SME,2025-06-12 08:19:00,59.0,56.2,Web,Active
C0561,65,East,Consumer,2025-10-16 18:59:00,70.9,54.3,App,Active
C0562,56,WEST,Consumer,2025-11-10 10:46:00,47.9,88.0,Phone,Active
C0563,51,SOUTH,Consumer,2024-01-02 23:02:00,99.0,73.9,Phone,Dormant
C0564,64,EAST,Consumer,2024-08-14 04:18:00,48.6,72.0,Web,Active
C0565,38,North,SME,2025-09-22 20:27:00,52.8,50.7,App,Dormant
C0566,21,CENTRAL,Consumer,2025-03-03 16:23:00,75.4,43.2,App,Active
C0567,74,East,Consumer,2024-02-18 04:31:00,79.7,64.9,App,Active
C0568,22,SOUTH,Consumer,2024-08-20 19:41:00,47.2,53.9,App,Active
C0569,24,West,Consumer,2024-02-16 00:03:00,33.4,48.5,App,Active
C0570,41,SOUTH,Enterprise,2024-01-03 18:22:00,37.6,72.1,App,Active
C0571,33,South,Consumer,2024-11-07 03:33:00,44.1,36.5,Phone,Active
C0572,66,North,Enterprise,2024-12-31 17:14:00,47.4,45.6,App,Active
C0573,47,AIRPORT,SME,2025-02-27 18:19:00,57.3,74.4,App,Active
C0574,54,South,SME,2025-08-26 04:13:00,76.4,57.9,App,Active
C0575,25,Riverside,Consumer,2025-01-10 19:53:00,77.2,72.1,Web,Active
C0576,65,East,SME,2025-05-01 05:08:00,50.2,43.3,App,Dormant
C0577,56,North,Consumer,2024-01-15 07:45:00,68.6,72.9,App,Active
C0578,63,Ctr,SME,2024-06-01 14:06:00,74.1,46.0,App,Active
C0579,61,CENTRAL,Consumer,2024-03-06 20:09:00,82.4,85.3,App,Active
C0580,24,RiverSide,Consumer,2025-11-12 08:25:00,57.4,74.6,Phone,Active
C0581,78,NORTH,Consumer,2024-09-27 00:03:00,48.1,68.4,App,Dormant
C0582,29,Airport,Consumer,2025-10-22 17:57:00,71.9,88.7,Phone,Active
C0583,23,AIRPORT,Consumer,2024-12-24 19:41:00,84.2,66.2,App,Dormant
C0584,66,East,Consumer,2025-08-15 14:38:00,51.5,47.6,Partner API,Active
C0585,42,West,Consumer,2025-06-14 23:31:00,91.1,89.1,App,Active
C0586,47,CENTRAL,Consumer,2024-09-11 05:57:00,87.4,66.2,App,Active
C0587,28,SOUTH,Consumer,2024-01-01 01:03:00,55.7,82.8,App,Active
C0588,47,Riverside,SME,2025-06-28 00:25:00,34.8,62.6,Web,Active
C0589,69,Ctr,Consumer,2024-07-09 07:10:00,50.4,81.8,App,Dormant
C0590,68,Airport,SME,2024-02-29 03:00:00,54.3,43.3,App,Active
C0591,60,WEST,Enterprise,2025-09-19 17:42:00,,35.8,App,Active
C0592,54,West,Consumer,2024-07-20 04:26:00,33.2,33.1,App,Active
C0593,67,SOUTH,SME,2024-07-23 16:38:00,98.8,74.2,Phone,Active
C0594,70,East,Consumer,2025-10-20 16:41:00,97.4,22.5,Web,Active
C0595,72,CENTRAL,Consumer,2025-10-18 13:52:00,48.3,26.0,Phone,Active
C0596,43,Riverside,Consumer,2025-09-19 05:32:00,30.1,32.9,Partner API,Dormant
C0597,74,north,Consumer,2024-11-12 02:19:00,57.2,64.3,Phone,Active
C0598,28,North,Consumer,2025-10-02 01:56:00,66.7,68.2,App,Active
C0599,40,North,Consumer,2025-05-04 22:34:00,81.4,44.4,App,Active
C0600,34,East,Consumer,2024-01-07 12:54:00,71.3,74.8,App,Active
C0601,34,AIRPORT,Consumer,2025-03-23 23:58:00,56.7,66.0,Phone,Active
C0602,52,SOUTH,SME,2025-04-21 02:47:00,28.4,82.9,App,Active
C0603,34,West,Enterprise,2025-11-02 14:11:00,68.1,77.9,Web,Active
C0604,30,West,Consumer,2024-08-19 03:16:00,73.4,46.9,App,Active
C0605,21,Airport,Consumer,2024-08-25 20:02:00,54.9,63.8,App,Active
C0606,68,SOUTH,Consumer,2024-05-06 10:57:00,64.3,56.9,App,Active
C0607,44,north,Consumer,2025-12-12 08:45:00,63.1,68.8,App,Active
C0608,46,WEST,SME,2024-02-23 08:40:00,56.0,63.9,Phone,Active
C0609,70,East,Consumer,2025-07-21 21:27:00,41.4,60.5,Phone,Active
C0610,55,South,Consumer,2025-12-03 16:16:00,65.3,73.5,App,Active
C0611,43,Airport,Consumer,2024-10-29 20:59:00,37.2,61.2,Partner API,Active
C0612,53,CENTRAL,Consumer,2024-08-10 02:56:00,82.3,74.0,App,Active
C0613,40,North,Consumer,2025-06-03 00:10:00,45.5,60.7,App,Suspended
C0614,26,West,SME,2024-09-23 07:53:00,,57.1,App,Active
C0615,19,AIRPORT,Consumer,2024-07-26 05:47:00,48.2,77.6,App,Active
C0616,49,RiverSide,Consumer,2024-11-30 06:56:00,65.9,78.2,Phone,Active
C0617,59,north,Enterprise,2025-02-02 10:38:00,56.5,83.6,App,Active
C0618,64,Airport,Consumer,2024-09-01 12:58:00,68.4,72.1,Phone,Active
C0619,48,NORTH,Consumer,2025-10-07 22:42:00,47.2,56.1,App,Active
C0620,46,CENTRAL,Consumer,2025-07-03 15:30:00,33.7,63.7,Phone,Active
C0621,78,CENTRAL,Consumer,2025-06-27 22:00:00,55.3,63.1,App,Active
C0622,22,RiverSide,Consumer,2024-01-28 13:46:00,54.2,26.8,Phone,Dormant
C0623,53,CENTRAL,SME,2024-08-27 18:56:00,35.8,38.8,Phone,Active
C0624,74,North,Consumer,2024-11-11 06:25:00,48.8,89.0,Web,Active
C0625,66,CENTRAL,Consumer,2025-09-29 18:04:00,33.0,59.0,Phone,Active
C0626,45,SOUTH,Consumer,2025-08-01 05:09:00,61.6,6.0,Phone,Active
C0627,54,AIRPORT,Consumer,2024-02-03 00:07:00,53.8,57.9,Phone,Active
C0628,75,North,Consumer,2024-04-19 19:59:00,60.0,63.2,Web,Dormant
C0629,67,EAST,SME,2024-06-14 11:09:00,99.0,36.8,Partner API,Active
C0630,57,Central,Enterprise,2025-12-18 00:01:00,62.3,100.0,Web,Active
C0631,44,North,Consumer,2024-02-12 04:44:00,65.8,81.4,Web,Active
C0632,27,Ctr,Consumer,2025-10-20 20:02:00,69.8,75.5,App,Active
C0633,44,Central,Consumer,2025-12-14 02:47:00,57.6,56.5,Partner API,Active
C0634,47,CENTRAL,Consumer,2024-02-17 02:54:00,50.3,69.2,App,Active
C0635,68,Riverside,Enterprise,2025-08-27 11:12:00,73.9,76.1,Web,Active
C0636,60,East,Consumer,2025-06-30 21:04:00,76.3,69.1,App,Suspended
C0637,70,North,SME,2025-12-29 12:06:00,13.1,47.4,Web,Active
C0638,37,South,SME,2024-09-09 06:13:00,57.2,63.6,App,Active
C0639,22,East,Consumer,2024-04-24 01:02:00,54.4,62.5,App,Active
C0640,55,north,SME,2025-10-11 02:52:00,50.8,65.6,Web,Dormant
C0641,46,CENTRAL,Consumer,2025-10-08 20:18:00,79.7,40.3,App,Active
C0642,59,north,SME,2025-05-03 03:08:00,51.2,65.0,Web,Active
C0643,33,North,Consumer,2024-04-10 20:13:00,73.6,60.0,Web,Active
C0644,46,RiverSide,Consumer,2024-10-28 10:21:00,51.1,64.4,App,Active
C0645,33,Airport,SME,2025-03-09 08:01:00,53.2,63.7,Web,Active
C0646,64,SOUTH,SME,2024-12-25 08:59:00,71.4,32.6,App,Active
C0647,42,East,Consumer,2024-10-16 01:45:00,,76.1,App,Active
C0648,47,Airport,Consumer,2025-01-11 10:49:00,57.2,74.0,App,Active
C0649,75,CENTRAL,Enterprise,2025-09-08 16:30:00,42.1,34.4,App,Active
C0650,19,SOUTH,Consumer,2024-10-21 19:47:00,45.6,58.0,App,Dormant
